phage,query_protein,training_protein,pident_pct,alignment_length_aa,query_length_aa,subject_length_aa,query_coverage_pct,query_to_subject_length_pct,evalue,blastp_frozen_rule_pass
APV,YBX57858.1,K65PH164_gp55,39.677,310,461,448,66.38,102.9,7.87e-64,yes
APV,YBX57916.1,K65PH164_gp146,45.441,1305,1253,1281,99.92,97.81,0.0,yes
APV,YBX57917.1,K65PH164_gp147,53.908,371,374,378,98.4,98.94,5.07e-139,yes
APV,YBX57918.1,K65PH164_gp148,47.534,223,222,215,100.0,103.26,3.92e-56,yes
APV,YBX57919.1,K65PH164_gp149,42.819,1511,1321,1477,100.0,89.44,0.0,yes
Ace,YBX58162.1,K65PH164_gp146,45.092,1304,1257,1281,100.0,98.13,0.0,yes
Ace,YBX58163.1,K65PH164_gp147,53.784,370,374,378,98.4,98.94,1.63e-139,yes
Ace,YBX58164.1,K65PH164_gp148,47.085,223,222,215,100.0,103.26,1.87e-55,yes
Ace,YBX58165.1,K65PH164_gp149,71.203,823,1235,1477,65.43,83.62,0.0,yes
Ace,YBX58381.1,K65PH164_gp55,40.968,310,461,448,66.38,102.9,2.15e-66,yes
LK1,XPB76850.1,K65PH164_gp55,40.645,310,461,448,66.38,102.9,2.46e-66,yes
LK1,XPB77073.1,K65PH164_gp148,47.085,223,222,215,100.0,103.26,1.87e-55,yes
LK1,XPB77074.1,K65PH164_gp147,53.908,371,374,378,98.4,98.94,5.07e-139,yes
LK1,XPB77075.1,K65PH164_gp146,45.413,1308,1257,1281,99.92,98.13,0.0,yes
KL35,YBX58516.1,K65PH164_gp149,89.145,1474,1474,1477,100.0,99.8,0.0,yes
KL35,YBX58517.1,K65PH164_gp148,60.417,240,225,215,100.0,104.65,8.28e-87,yes
KL35,YBX58518.1,K65PH164_gp147,97.354,378,378,378,100.0,100.0,0.0,yes
KL35,YBX58519.1,K65PH164_gp146,96.565,1281,1281,1281,100.0,100.0,0.0,yes
KL35,YBX58603.1,K65PH164_gp55,99.554,448,448,448,100.0,100.0,0.0,yes
