record_id	file	bytes	md5
11061100	all_loci_score_matrix.txt	751538	33d6a332e74d04428434a728deac0ece
11061100	RBPbase.csv	775261	fc235f3acfcd4dcadb71527bdf6704a3
11061100	Locibase.json	1495106	968cc6e96ff284593fa0354addf403fc
11061100	Locibase_invitro.json	223048	90f36970e097f3a9833166216edb10ca
11061100	phage_host_interactions.csv	70303	e4f7f15779f698f3b0f76164c9d44f22
11061100	phages_genomes.zip	1785630	f43159fd3473e2d22a56fec27e8d443c
11061100	klebsiella_genomes.zip	341431818	9393f4953bb4de87ed15c7b286adf2f4
14852842	Supplementary_Data1.zip	49163841	ca35a0764f79b3277734091f330a7edf
14852842	Supplementary_Data2.zip	692527	930c057367d7efc617db33e50dcc099d
11061100	esm2_embeddings_loci.csv	3123617	f13af74b8ebad5c42cbde3c1552abb89
11061100	esm2_embeddings_rbp.csv	6815459	f70e85f6bd94bb5687f2aeb938b60b19
