host,n_tested,n_pos,full_hit5,full_auroc,rbp_only_hit5,rbp_only_auroc,locus_only_hit5,locus_only_auroc
102KP-HG,46,7,1,0.8608058608058607,1,0.7435897435897435,1,0.5
1210,46,9,1,0.981981981981982,0,0.3093093093093093,0,0.5
132,46,3,1,1.0,1,0.992248062015504,0,0.5
1446,46,1,1,0.9777777777777776,1,0.9333333333333332,0,0.5
156KP-HG,46,2,1,0.9659090909090908,1,0.9318181818181818,0,0.5
218KP-HG,46,4,1,0.9404761904761904,1,0.7261904761904762,1,0.5
228,46,1,1,0.9777777777777776,1,1.0,0,0.5
255KP-HG,46,9,1,0.8918918918918919,0,0.2942942942942943,0,0.5
779,46,2,1,1.0,0,0.8636363636363636,0,0.5
CU293,46,3,1,1.0,1,0.992248062015504,0,0.5
CU371,46,1,1,0.9777777777777776,1,1.0,0,0.5
CU443,46,3,1,1.0,1,0.8992248062015504,0,0.5
CU448,46,3,1,1.0,1,0.8992248062015504,0,0.5
CU451,46,3,1,1.0,1,0.8992248062015504,0,0.5
ERS523587,59,2,0,0.4035087719298246,1,0.5350877192982456,0,0.5
ERS523589,59,4,1,0.6818181818181819,1,0.6454545454545455,0,0.5
ERS659571,59,7,1,0.8379120879120879,1,0.8324175824175823,0,0.5
ERS659577,59,2,0,0.5087719298245614,1,0.6666666666666666,0,0.5
ERS659578,59,3,1,0.875,1,0.9047619047619048,0,0.5
ERS659579,59,2,1,0.9912280701754386,1,0.9912280701754386,0,0.5
ERS659580,59,1,1,1.0,1,1.0,0,0.5
ERS659581,59,1,0,0.2586206896551724,0,0.0689655172413793,0,0.5
ERS685293,59,1,0,0.0172413793103448,0,0.0689655172413793,0,0.5
ERS685295,59,1,0,0.3275862068965517,0,0.1206896551724138,0,0.5
ERS686706,59,8,1,0.9595588235294116,1,0.9779411764705884,0,0.5
ERS686707,59,4,1,0.890909090909091,1,0.9454545454545454,0,0.5
ERS686708,59,5,1,0.762962962962963,1,0.8518518518518519,0,0.5
ERS686709,59,7,1,0.956043956043956,1,0.8708791208791209,0,0.5
ERS686710,59,6,1,0.7327044025157233,1,0.8490566037735849,0,0.5
ERS686711,59,1,1,1.0,1,1.0,0,0.5
ERS701896,59,3,1,1.0,1,1.0,0,0.5
ERS702127,59,6,1,0.9716981132075472,1,0.959119496855346,0,0.5
ERS702128,59,2,1,0.5526315789473685,1,0.543859649122807,0,0.5
ERS702129,59,6,1,0.7704402515723271,1,0.6792452830188679,0,0.5
ERS702130,59,7,1,0.7774725274725275,1,0.75,0,0.5
ERS702131,59,3,0,0.5952380952380952,1,0.4166666666666666,0,0.5
ERS702132,59,4,1,0.9090909090909092,1,0.9772727272727272,0,0.5
ERS702133,59,1,0,0.2068965517241379,0,0.0689655172413793,0,0.5
ERS706552,59,5,1,0.8703703703703703,1,0.8407407407407408,1,0.5
ERS706553,59,1,0,0.1379310344827586,0,0.0344827586206896,0,0.5
ERS706554,59,5,1,0.6555555555555556,1,0.6185185185185186,0,0.5
ERS706555,59,6,1,0.5377358490566038,1,0.4433962264150943,1,0.5
ERS706556,59,1,0,0.0689655172413793,0,0.1034482758620689,0,0.5
ERS715399,59,3,1,0.9285714285714286,1,0.869047619047619,0,0.5
ERS715400,59,2,1,0.9824561403508772,1,0.9210526315789472,0,0.5
ERS715401,59,3,0,0.2023809523809523,0,0.2916666666666666,0,0.5
ERS715409,59,2,0,0.6140350877192983,1,0.9035087719298246,0,0.5
ERS715469,59,3,1,1.0,1,1.0,0,0.5
ERS715470,59,3,1,0.9464285714285714,1,0.9107142857142856,0,0.5
ERS715471,59,2,1,0.5263157894736843,1,0.8333333333333334,0,0.5
ERS715472,59,1,1,1.0,1,1.0,0,0.5
ERS715473,59,5,1,0.8592592592592593,1,0.8111111111111111,0,0.5
ERS718583,59,4,0,0.6454545454545454,1,0.4909090909090909,0,0.5
ERS718584,59,7,1,0.7802197802197802,1,0.8736263736263736,0,0.5
ERS736962,59,3,1,0.8988095238095237,1,0.7559523809523809,0,0.5
ERS739094,59,1,0,0.5,0,0.3275862068965517,1,0.5
ERS739095,59,2,0,0.7105263157894737,0,0.1140350877192982,1,0.5
ERS743101,59,5,1,0.937037037037037,1,0.8111111111111111,0,0.5
ERS744787,59,1,1,0.9482758620689656,1,0.9655172413793104,0,0.5
ERS747603,59,1,0,0.3103448275862068,0,0.0689655172413793,0,0.5
ERS747611,59,3,1,0.5714285714285714,1,0.7380952380952381,0,0.5
ERS747612,59,2,0,0.7543859649122807,0,0.7543859649122806,0,0.5
ERS764450,59,2,0,0.1052631578947368,0,0.1052631578947368,0,0.5
ERS764451,59,3,1,0.6666666666666666,1,0.6369047619047619,0,0.5
ERS764452,59,6,1,0.7735849056603773,1,0.7012578616352201,0,0.5
ERS799795,59,2,1,0.5350877192982457,1,0.5175438596491229,0,0.5
ERS799796,59,2,1,0.5526315789473684,1,0.5175438596491229,0,0.5
ERS799797,59,3,1,1.0,1,1.0,0,0.5
ERS799798,59,1,0,0.6724137931034483,0,0.1206896551724138,0,0.5
HAV1_13,46,1,1,0.9777777777777776,1,0.9111111111111112,0,0.5
HAV1_14,46,3,1,1.0,1,0.7596899224806201,1,0.5
HCV1_10,46,3,1,0.8372093023255814,1,0.8992248062015504,0,0.5
HCV1_19,46,1,1,0.9555555555555556,1,0.9111111111111112,0,0.5
HCV1_24,46,3,1,0.6821705426356589,1,0.6744186046511628,0,0.5
HCV1_26,46,2,1,0.9886363636363636,0,0.4886363636363636,0,0.5
HCV1_27,46,1,1,0.9777777777777776,0,0.6222222222222222,0,0.5
HCV1_33,46,1,1,1.0,0,0.6,1,0.5
HCV1_36,46,1,1,1.0,1,0.9333333333333332,0,0.5
HCV1_42,46,1,1,1.0,0,0.6222222222222222,0,0.5
HGUA4_08,46,1,1,0.9777777777777776,0,0.6444444444444445,0,0.5
HGUA4_15,46,3,1,1.0,1,0.875968992248062,0,0.5
HGUA4_51,46,2,0,0.375,0,0.5,0,0.5
HGV2C_02,46,1,1,1.0,1,0.9333333333333332,0,0.5
HGV2C_03,46,1,1,0.9555555555555556,1,0.9777777777777776,0,0.5
HGV2C_08,46,1,1,1.0,0,0.4222222222222223,1,0.5
HGV2C_10,46,1,0,0.6666666666666667,1,0.9777777777777776,0,0.5
HGV2C_11,46,3,1,1.0,0,0.6976744186046512,0,0.5
HGV2C_13,46,3,1,1.0,0,0.6976744186046512,0,0.5
HGV2C_14,46,1,0,0.0444444444444444,0,0.0666666666666666,1,0.5
HGV2C_18,46,3,1,0.7364341085271318,1,0.6744186046511628,0,0.5
HGV2C_20,46,1,1,1.0,0,0.6,0,0.5
HGV2C_21,46,3,0,0.5271317829457365,0,0.1395348837209302,0,0.5
HGV2C_28,46,1,0,0.0,0,0.0,0,0.5
HGV2C_33,46,2,1,1.0,1,0.8068181818181819,0,0.5
HGV2C_34,46,1,1,1.0,0,0.6,0,0.5
HGV2C_36_contigs,46,1,1,1.0,0,0.4,1,0.5
HGV2C_37,46,1,1,1.0,0,0.3777777777777777,1,0.5
HGV2_332,46,1,1,1.0,1,0.9333333333333332,0,0.5
HGV2_341,46,1,1,1.0,1,0.9333333333333332,0,0.5
HGV2_370,46,2,1,1.0,1,0.9772727272727272,0,0.5
HGV2_371,46,1,1,1.0,0,0.6222222222222222,0,0.5
HGV2_400,46,1,1,1.0,1,0.9333333333333332,0,0.5
HGV2_418,46,3,1,1.0,1,0.8992248062015504,0,0.5
HGV2_429,46,1,1,0.9555555555555556,1,0.9777777777777776,0,0.5
HGV2_430,46,1,1,0.9555555555555556,0,0.2666666666666667,0,0.5
KP_HGE01_003,46,2,1,1.0,1,1.0,0,0.5
KP_HGE01_004,46,3,1,1.0,0,0.7286821705426356,0,0.5
KP_HGE01_005,46,1,0,0.8888888888888888,0,0.8444444444444444,0,0.5
KP_HGE01_024,46,1,1,0.9777777777777776,1,1.0,0,0.5
KP_HGE01_025,46,1,1,1.0,0,0.6444444444444444,0,0.5
KP_HGE01_029,46,3,1,1.0,0,0.7131782945736433,0,0.5
KP_HGE01_042,46,1,1,1.0,1,1.0,0,0.5
KP_HGUA02_054,46,1,1,0.9777777777777776,1,1.0,0,0.5
KP_HGUA02_055,46,1,1,1.0,0,0.6222222222222222,0,0.5
KP_HGUA02_059,46,5,0,0.2097560975609756,0,0.0292682926829268,0,0.5
KP_HGUA02_064,46,2,1,1.0,1,0.9659090909090908,0,0.5
KP_HGUA02_066,46,1,1,1.0,0,0.6,0,0.5
KP_HGUA02_071,46,3,0,0.4651162790697674,1,0.7751937984496123,0,0.5
KP_HGUA02_074,46,1,1,1.0,1,0.9333333333333332,0,0.5
KP_HGUA02_089,46,1,0,0.8,1,1.0,0,0.5
KP_HGUA02_092,46,2,1,0.943181818181818,1,0.6704545454545454,1,0.5
KP_HGUA02_099,46,1,1,0.9333333333333332,0,0.1777777777777778,0,0.5
KP_HGUA03_117,46,1,1,1.0,0,0.6,0,0.5
KP_HGUA03_124,46,2,1,0.9886363636363636,0,0.5227272727272727,0,0.5
Kpcas024,46,2,1,0.9886363636363636,1,0.9772727272727272,0,0.5
Kpcas027,46,2,1,1.0,1,1.0,0,0.5
Kpcas042,46,3,1,0.9844961240310076,1,0.7751937984496123,1,0.5
Moliner_02,46,1,1,1.0,1,0.9333333333333332,0,0.5
Moliner_08,46,1,1,1.0,1,0.9333333333333332,0,0.5
NTUH,46,2,1,0.943181818181818,1,0.6590909090909092,1,0.5
sampleK3,59,3,0,0.3154761904761904,0,0.1785714285714285,1,0.5
