host,group,tested,positive,hit_at_5,auroc
102KP-HG,3,46,7,1,0.6190476190476191
1210,125,46,9,1,1.0
132,12,46,3,1,0.9922480620155039
1446,12,46,1,1,0.9777777777777777
156KP-HG,16,46,2,1,0.9886363636363636
218KP-HG,3,46,4,1,0.5952380952380952
228,24,46,1,1,0.9555555555555556
255KP-HG,5,46,9,1,1.0
779,78,46,2,1,1.0
CU293,12,46,3,1,0.9922480620155039
CU371,52,46,1,1,0.9777777777777777
CU443,69,46,3,1,0.813953488372093
CU448,69,46,3,1,0.813953488372093
CU451,69,46,3,1,0.813953488372093
ERS523587,22,59,2,0,0.6754385964912281
ERS523589,112,59,4,1,0.7227272727272727
ERS659571,34,59,7,1,0.782967032967033
ERS659577,14,59,2,0,0.6666666666666666
ERS659578,14,59,3,1,0.7678571428571429
ERS659579,130,59,2,1,0.9649122807017544
ERS659580,113,59,1,1,1.0
ERS659581,87,59,1,0,0.5689655172413793
ERS685293,124,59,1,0,0.06896551724137934
ERS685295,106,59,1,0,0.24137931034482762
ERS686706,33,59,8,1,0.9044117647058824
ERS686707,59,59,4,1,0.709090909090909
ERS686708,114,59,5,1,0.8481481481481481
ERS686709,76,59,7,1,0.7967032967032968
ERS686710,81,59,6,1,0.8333333333333334
ERS686711,120,59,1,1,1.0
ERS701896,45,59,3,1,1.0
ERS702127,71,59,6,1,0.8679245283018868
ERS702128,111,59,2,1,0.7192982456140351
ERS702129,88,59,6,1,0.7641509433962264
ERS702130,85,59,7,1,0.782967032967033
ERS702131,94,59,3,0,0.39880952380952384
ERS702132,79,59,4,1,0.9818181818181818
ERS702133,121,59,1,0,0.051724137931034475
ERS706552,109,59,5,1,0.8592592592592593
ERS706553,92,59,1,0,0.5172413793103448
ERS706554,110,59,5,1,0.662962962962963
ERS706555,102,59,6,1,0.6163522012578616
ERS706556,57,59,1,0,0.0
ERS715399,20,59,3,1,0.8690476190476191
ERS715400,123,59,2,1,0.9035087719298246
ERS715401,101,59,3,0,0.5119047619047619
ERS715409,65,59,2,0,0.7105263157894737
ERS715469,30,59,3,1,0.9761904761904763
ERS715470,27,59,3,1,0.9285714285714286
ERS715471,64,59,2,1,0.631578947368421
ERS715472,39,59,1,0,0.9137931034482758
ERS715473,63,59,5,1,0.8851851851851852
ERS718583,75,59,4,1,0.7227272727272728
ERS718584,129,59,7,1,0.6483516483516484
ERS736962,43,59,3,1,0.9226190476190477
ERS739094,18,59,1,0,0.5
ERS739095,48,59,2,1,0.8771929824561403
ERS743101,31,59,5,1,0.8962962962962964
ERS744787,49,59,1,1,0.9827586206896551
ERS747603,89,59,1,0,0.22413793103448276
ERS747611,21,59,3,1,0.5595238095238095
ERS747612,53,59,2,0,0.6052631578947368
ERS764450,70,59,2,0,0.2543859649122807
ERS764451,29,59,3,1,0.6845238095238095
ERS764452,58,59,6,1,0.7452830188679245
ERS799795,98,59,2,1,0.5701754385964912
ERS799796,7,59,2,0,0.5263157894736843
ERS799797,99,59,3,1,1.0
ERS799798,5,59,1,0,0.27586206896551724
HAV1_13,32,46,1,1,1.0
HAV1_14,3,46,3,1,0.6434108527131783
HCV1_10,35,46,3,1,0.7984496124031008
HCV1_19,83,46,1,0,0.8
HCV1_24,94,46,3,1,0.6356589147286821
HCV1_26,91,46,2,1,0.8863636363636364
HCV1_27,126,46,1,1,1.0
HCV1_33,51,46,1,0,0.0
HCV1_36,25,46,1,1,1.0
HCV1_42,118,46,1,1,1.0
HGUA4_08,4,46,1,1,1.0
HGUA4_15,31,46,3,1,1.0
HGUA4_51,53,46,2,0,0.21590909090909088
HGV2C_02,22,46,1,1,1.0
HGV2C_03,47,46,1,1,0.9777777777777777
HGV2C_08,105,46,1,1,1.0
HGV2C_10,91,46,1,0,0.28888888888888886
HGV2C_11,62,46,3,1,0.33333333333333337
HGV2C_13,62,46,3,1,0.33333333333333337
HGV2C_14,96,46,1,0,0.0
HGV2C_18,20,46,3,1,0.6976744186046512
HGV2C_20,31,46,1,1,1.0
HGV2C_21,60,46,3,1,0.821705426356589
HGV2C_28,132,46,1,0,0.022222222222222254
HGV2C_33,122,46,2,1,1.0
HGV2C_34,7,46,1,0,0.022222222222222254
HGV2C_36_contigs,105,46,1,1,1.0
HGV2C_37,51,46,1,0,0.0
HGV2_332,116,46,1,1,1.0
HGV2_341,17,46,1,1,1.0
HGV2_370,116,46,2,1,0.9545454545454545
HGV2_371,7,46,1,0,0.022222222222222254
HGV2_400,116,46,1,1,1.0
HGV2_418,69,46,3,1,0.813953488372093
HGV2_429,19,46,1,0,0.6888888888888889
HGV2_430,11,46,1,0,0.4666666666666667
KP_HGE01_003,33,46,2,1,0.9886363636363636
KP_HGE01_004,62,46,3,1,0.3333333333333333
KP_HGE01_005,95,46,1,1,0.9777777777777777
KP_HGE01_024,41,46,1,1,0.9555555555555556
KP_HGE01_025,7,46,1,0,0.022222222222222254
KP_HGE01_029,62,46,3,1,0.3178294573643411
KP_HGE01_042,33,46,1,1,1.0
KP_HGUA02_054,45,46,1,1,0.9777777777777777
KP_HGUA02_055,10,46,1,1,1.0
KP_HGUA02_059,128,46,5,0,0.24390243902439027
KP_HGUA02_064,131,46,2,1,1.0
KP_HGUA02_066,10,46,1,1,1.0
KP_HGUA02_071,0,46,3,1,0.930232558139535
KP_HGUA02_074,22,46,1,1,1.0
KP_HGUA02_089,61,46,1,0,0.6
KP_HGUA02_092,51,46,2,0,0.21590909090909088
KP_HGUA02_099,11,46,1,0,0.5333333333333333
KP_HGUA03_117,7,46,1,0,0.022222222222222254
KP_HGUA03_124,91,46,2,1,0.875
Kpcas024,72,46,2,1,1.0
Kpcas027,37,46,2,1,0.8522727272727273
Kpcas042,3,46,3,1,0.6434108527131783
Moliner_02,9,46,1,1,1.0
Moliner_08,116,46,1,1,1.0
NTUH,105,46,2,1,0.8181818181818181
sampleK3,100,59,3,0,0.3333333333333333
